Voltage (V),Mean_Current_A,SD_Current_A,Mean_Hydrogen_mL,SD_Hydrogen_mL,Mean_Rate_mLs,SD_Rate_mLs,Mean_Theoretical_mL,Mean_Efficiency_pct,SD_Efficiency_pct
4.0,0.055999999999999994,0.002645751311064588,0.27666666666666667,0.02516611478423583,0.004611111111111111,0.00041943524640393075,0.41788879100378296,66.13369784103855,3.5452685627824407
4.5,0.08266666666666667,0.002081665999466133,0.48,0.010000000000000009,0.008,0.00016666666666666674,0.6168834533865368,77.81708914486869,0.5982724178338072
5.0,0.109,0.006557438524302007,0.6833333333333332,0.03511884584284244,0.011388888888888888,0.0005853140973807076,0.8133906824895062,84.0396520495995,0.753505959230051
5.5,0.133,0.008888194417315592,0.87,0.05291502622129186,0.014499999999999999,0.0008819171036881983,0.9924858786339846,87.68190348745902,0.5640826531396083
6.0,0.167,0.00754983443527074,1.0233333333333334,0.050332229568471686,0.017055555555555556,0.000838870492807861,1.2462040731719957,82.10608433873621,0.33015081021799697
6.5,0.20099999999999998,0.016522711641858305,1.27,0.1216552506059645,0.021166666666666667,0.0020275875100994106,1.4999222677100068,84.63280457870097,3.1628804170442946
